old_url,bo_table,wr_id,제목,분류(법률정보/성공사례/기타),월간유입(있으면),이관대상여부,new_url
/bbs/board.php?bo_table=notice&wr_id=1,notice,1,법무법인 명 법률정보 입니다.,법률정보,,미정,/insights
/bbs/board.php?bo_table=notice&wr_id=2,notice,2,[평택변호사] 법무법인 명의 공사대금소송,법률정보,,미정,/insights
/bbs/board.php?bo_table=notice&wr_id=3,notice,3,[평택변호사] 법무법인 명의 이혼재산분할,법률정보,,미정,/insights
/bbs/board.php?bo_table=notice&wr_id=4,notice,4,[평택변호사] 법무법인 명의 공유물분할청구,법률정보,,미정,/insights
/bbs/board.php?bo_table=notice&wr_id=5,notice,5,[평택변호사] 법무법인 명의 사기죄,법률정보,,미정,/insights
/bbs/board.php?bo_table=notice&wr_id=6,notice,6,[평택변호사] 법무법인 명의 가압류,법률정보,,미정,/insights
/bbs/board.php?bo_table=notice&wr_id=7,notice,7,[평택변호사] 법무법인 명의 민사소송,법률정보,,미정,/insights
/bbs/board.php?bo_table=notice&wr_id=8,notice,8,[평택변호사] 법무법인 명의 소액민사소송,법률정보,,미정,/insights
/bbs/board.php?bo_table=notice&wr_id=9,notice,9,[평택변호사] 법무법인 명의 폭행죄,법률정보,,미정,/insights
/bbs/board.php?bo_table=notice&wr_id=10,notice,10,[평택변호사] 법무법인 명의 상해죄,법률정보,,미정,/insights
/bbs/board.php?bo_table=notice&wr_id=11,notice,11,[평택변호사] 법무법인 명의 폭행죄와 상해죄,법률정보,,미정,/insights
/bbs/board.php?bo_table=notice&wr_id=12,notice,12,[평택변호사] 법무법인 명의 이혼소송,법률정보,,미정,/insights
/bbs/board.php?bo_table=notice&wr_id=13,notice,13,[평택변호사] 법무법인 명의 명도소송,법률정보,,미정,/insights
/bbs/board.php?bo_table=notice&wr_id=14,notice,14,[평택변호사] 법무법인 명의 공사대금소송,법률정보,,미정,/insights
/bbs/board.php?bo_table=notice&wr_id=15,notice,15,[평택변호사] 법무법인 명의 부동산계약해제/해지,법률정보,,미정,/insights
/bbs/board.php?bo_table=notice&wr_id=16,notice,16,[평택변호사] 법무법인 명의 무고죄,법률정보,,미정,/insights
/bbs/board.php?bo_table=notice&wr_id=17,notice,17,[평택변호사] 법무법인 명의 성추행,법률정보,,미정,/insights
/bbs/board.php?bo_table=notice&wr_id=18,notice,18,[평택변호사] 법무법인 명의 재판이혼소송,법률정보,,미정,/insights
/bbs/board.php?bo_table=notice&wr_id=19,notice,19,[평택변호사] 법무법인 명의 양육권소송,법률정보,,미정,/insights
/bbs/board.php?bo_table=notice&wr_id=20,notice,20,[평택변호사] 법무법인 명의 양육비청구,법률정보,,미정,/insights
/bbs/board.php?bo_table=notice&wr_id=21,notice,21,[평택변호사] 법무법인 명의 구상권,법률정보,,미정,/insights
/bbs/board.php?bo_table=notice&wr_id=22,notice,22,[평택변호사] 법무법인 명의 배임죄,법률정보,,미정,/insights
/bbs/board.php?bo_table=notice&wr_id=23,notice,23,[평택변호사] 법무법인 명의 업무상배임죄,법률정보,,미정,/insights
/bbs/board.php?bo_table=notice&wr_id=25,notice,25,[평택변호사] 법무법인 명의 사해행위취소소송,법률정보,,미정,/insights
/bbs/board.php?bo_table=notice&wr_id=26,notice,26,[평택변호사] 법무법인 명의 횡령죄,법률정보,,미정,/insights
/bbs/board.php?bo_table=notice&wr_id=27,notice,27,[평택변호사] 법무법인 명의 업무상횡령죄,법률정보,,미정,/insights
/bbs/board.php?bo_table=notice&wr_id=28,notice,28,[평택변호사] 법무법인 명의 강간죄,법률정보,,미정,/insights
/bbs/board.php?bo_table=notice&wr_id=29,notice,29,[평택변호사] 법무법인 명의 뺑소니(도주차량죄),법률정보,,미정,/insights
/bbs/board.php?bo_table=notice&wr_id=30,notice,30,[평택변호사] 법무법인 명의 사실혼재산분할,법률정보,,미정,/insights
/bbs/board.php?bo_table=notice&wr_id=31,notice,31,[평택변호사] 법무법인 명의 사문서위조죄,법률정보,,미정,/insights
/bbs/board.php?bo_table=notice&wr_id=32,notice,32,[평택변호사] 법무법인 명의 업무방해죄,법률정보,,미정,/insights
/bbs/board.php?bo_table=notice&wr_id=33,notice,33,[평택변호사] 법무법인 명의 주거침입죄,법률정보,,미정,/insights
/bbs/board.php?bo_table=notice&wr_id=34,notice,34,[평택변호사] 법무법인 명의 카메라등 이용촬영죄,법률정보,,미정,/insights
/bbs/board.php?bo_table=notice&wr_id=35,notice,35,[평택변호사] 법무법인 명의 강도죄,법률정보,,미정,/insights
/bbs/board.php?bo_table=notice&wr_id=36,notice,36,[평택변호사] 법무법인 명의 공갈죄,법률정보,,미정,/insights
/bbs/board.php?bo_table=notice&wr_id=37,notice,37,[평택변호사] 법무법인 명의 영업정지 및 취소,법률정보,,미정,/insights
/bbs/board.php?bo_table=notice&wr_id=38,notice,38,[평택변호사] 법무법인 명의 쌍방폭행,법률정보,,미정,/insights
/bbs/board.php?bo_table=notice&wr_id=39,notice,39,[평택변호사] 법무법인 명의 사실혼양육권,법률정보,,미정,/insights
/bbs/board.php?bo_table=notice&wr_id=40,notice,40,[평택변호사] 법무법인 명의 성매매,법률정보,,미정,/insights
/bbs/board.php?bo_table=notice&wr_id=41,notice,41,[평택변호사] 법무법인 명의 성매매알선,법률정보,,미정,/insights
/bbs/board.php?bo_table=notice&wr_id=42,notice,42,[평택변호사] 법무법인 명의 직무유기죄,법률정보,,미정,/insights
/bbs/board.php?bo_table=notice&wr_id=43,notice,43,[평택변호사] 법무법인 명의 협박죄,법률정보,,미정,/insights
/bbs/board.php?bo_table=notice&wr_id=44,notice,44,[평택변호사] 법무법인 명의 도주차량죄(뺑소니 구제),법률정보,,미정,/insights
/bbs/board.php?bo_table=notice&wr_id=45,notice,45,[평택변호사] 법무법인 명의 부동산이중매매(이중계약),법률정보,,미정,/insights
/bbs/board.php?bo_table=notice&wr_id=46,notice,46,[평택변호사] 법무법인 명의 상간자소송,법률정보,,미정,/insights
/bbs/board.php?bo_table=notice&wr_id=47,notice,47,[평택변호사] 법무법인 명의 간통이혼소송,법률정보,,미정,/insights
/bbs/board.php?bo_table=notice&wr_id=48,notice,48,[평택변호사] 법무법인 명의 차임증가청구권(상가),법률정보,,미정,/insights
/bbs/board.php?bo_table=notice&wr_id=49,notice,49,[평택변호사] 법무법인 명의 형사사건 공탁금,법률정보,,미정,/insights
/bbs/board.php?bo_table=notice&wr_id=50,notice,50,[평택변호사] 법무법인 명의 아동성범죄,법률정보,,미정,/insights
/bbs/board.php?bo_table=notice&wr_id=51,notice,51,[평택변호사] 법무법인 명의 아동학대,법률정보,,미정,/insights
/bbs/board.php?bo_table=notice&wr_id=52,notice,52,[평택변호사] 법무법인 명의 불법도박,법률정보,,미정,/insights
/bbs/board.php?bo_table=notice&wr_id=53,notice,53,[평택변호사] 법무법인 명의 비밀침해죄,법률정보,,미정,/insights
/bbs/board.php?bo_table=notice&wr_id=54,notice,54,[평택변호사] 법무법인 명의 사이버모욕죄,법률정보,,미정,/insights
/bbs/board.php?bo_table=notice&wr_id=55,notice,55,[평택변호사] 법무법인 명의 사자명예훼손죄,법률정보,,미정,/insights
/bbs/board.php?bo_table=notice&wr_id=56,notice,56,[평택변호사] 법무법인 명의 인터넷명예훼손,법률정보,,미정,/insights
/bbs/board.php?bo_table=notice&wr_id=57,notice,57,[평택변호사] 법무법인 명의 차임증가(주택),법률정보,,미정,/insights
/bbs/board.php?bo_table=notice&wr_id=58,notice,58,[평택변호사] 법무법인 명의 가정폭력이혼,법률정보,,미정,/insights
/bbs/board.php?bo_table=notice&wr_id=59,notice,59,[평택변호사] 법무법인 명의 성폭행,법률정보,,미정,/insights
/bbs/board.php?bo_table=notice&wr_id=60,notice,60,[평택변호사] 법무법인 명의 성추행,법률정보,,미정,/insights
/bbs/board.php?bo_table=notice&wr_id=61,notice,61,[평택변호사] 법무법인 명의 아동성범죄,법률정보,,미정,/insights
/bbs/board.php?bo_table=notice&wr_id=62,notice,62,[평택변호사] 법무법인 명의 재판이혼소송,법률정보,,미정,/insights
/bbs/board.php?bo_table=notice&wr_id=63,notice,63,[평택변호사] 법무법인 명의 이혼재산분할,법률정보,,미정,/insights
/bbs/board.php?bo_table=notice&wr_id=64,notice,64,[평택변호사] 법무법인 명의 폭행죄,법률정보,,미정,/insights
/bbs/board.php?bo_table=notice&wr_id=65,notice,65,[평택변호사] 법무법인 명의 상해죄,법률정보,,미정,/insights
/bbs/board.php?bo_table=notice&wr_id=66,notice,66,[평택변호사] 법무법인 명의 재판이혼소송,법률정보,,미정,/insights
/bbs/board.php?bo_table=notice&wr_id=67,notice,67,[평택변호사] 법무법인 명의 부동산이중계약,법률정보,,미정,/insights
/bbs/board.php?bo_table=notice&wr_id=68,notice,68,[평택변호사] 법무법인 명의 특수폭행죄,법률정보,,미정,/insights
/bbs/board.php?bo_table=notice&wr_id=69,notice,69,[평택변호사] 법무법인 명의 카메라등이용촬영죄,법률정보,,미정,/insights
/bbs/board.php?bo_table=notice,notice,,[게시판 목록] notice,법률정보,,미정,/insights
/bbs/board.php?bo_table=notice2&wr_id=2,notice2,2,공지 성공사례 게시판 입니다.,성공사례,,미정,/cases
/bbs/board.php?bo_table=notice2&wr_id=3,notice2,3,형사 성범죄 [집행유예] 준강간 사건에 관한 성공사례,성공사례,,미정,/cases
/bbs/board.php?bo_table=notice2&wr_id=4,notice2,4,형사 성범죄 [집행유예] 성폭법 위반에 관한 성공사례,성공사례,,미정,/cases
/bbs/board.php?bo_table=notice2&wr_id=5,notice2,5,형사 음주운전 [집행유예] 음주운전 사건에 관한 성공사례,성공사례,,미정,/cases
/bbs/board.php?bo_table=notice2&wr_id=6,notice2,6,형사 성범죄 [무혐의] 강제추행 사건에 관한 성공사례,성공사례,,미정,/cases
/bbs/board.php?bo_table=notice2&wr_id=7,notice2,7,형사 성범죄 [집행유예] 유사성행위 사건에 관한 성공사례,성공사례,,미정,/cases
/bbs/board.php?bo_table=notice2&wr_id=8,notice2,8,형사 성범죄 [집행유예] 병합사건에 관한 성공사례,성공사례,,미정,/cases
/bbs/board.php?bo_table=notice2&wr_id=9,notice2,9,형사 성범죄 [불기소] 강제추행 사건에 관한 성공사례,성공사례,,미정,/cases
/bbs/board.php?bo_table=notice2&wr_id=10,notice2,10,형사 성범죄 [벌금형] 강제추행 사건에 관한 성공사례,성공사례,,미정,/cases
/bbs/board.php?bo_table=notice2&wr_id=11,notice2,11,형사 경제범죄 [기소유예] 업무상 횡령 및 사기 사건에 관한 성공사례,성공사례,,미정,/cases
/bbs/board.php?bo_table=notice2&wr_id=12,notice2,12,형사 성범죄 [집행유예] 준강간 사건에 관한 성공사례,성공사례,,미정,/cases
/bbs/board.php?bo_table=notice2&wr_id=13,notice2,13,형사 음주운전 [집행유예] 무면허운전 및 음주운전 사건에 관한 성공사례,성공사례,,미정,/cases
/bbs/board.php?bo_table=notice2&wr_id=14,notice2,14,형사 음주운전 [집행유예] 무면허운전 및 음주운전 사건에 관한 성공사례,성공사례,,미정,/cases
/bbs/board.php?bo_table=notice2&wr_id=15,notice2,15,형사 폭행 및 상해 [공소권없음] 폭행사건에 관한 성공사례,성공사례,,미정,/cases
/bbs/board.php?bo_table=notice2&wr_id=16,notice2,16,형사 폭행 및 상해 [벌금형] 상해사건에 관한 성공사례,성공사례,,미정,/cases
/bbs/board.php?bo_table=notice2&wr_id=17,notice2,17,형사 폭행 및 상해 [벌금형] 상해사건에 관한 성공사례,성공사례,,미정,/cases
/bbs/board.php?bo_table=notice2&wr_id=18,notice2,18,형사 음주운전 [벌금형] 음주운전 및 피해자 중상해 사건에 관한 성공사례,성공사례,,미정,/cases
/bbs/board.php?bo_table=notice2&wr_id=19,notice2,19,형사 성범죄 [기소유예] 강제추행 및 폭행사건에 관한 성공사례,성공사례,,미정,/cases
/bbs/board.php?bo_table=notice2&wr_id=20,notice2,20,형사 음주운전 [벌금형] 특가법 및 도로교통법 위반사건에 관한 성공사례,성공사례,,미정,/cases
/bbs/board.php?bo_table=notice2&wr_id=21,notice2,21,형사 폭행 및 상해 [벌금형] 항소심(원심판결 파기)에 관한 성공사례,성공사례,,미정,/cases
/bbs/board.php?bo_table=notice2&wr_id=22,notice2,22,형사 성범죄 [무혐의] 강제추행 사건에 관한 성공사례,성공사례,,미정,/cases
/bbs/board.php?bo_table=notice2&wr_id=23,notice2,23,형사 성범죄 [무혐의] 강제추행 사건에 관한 성공사례,성공사례,,미정,/cases
/bbs/board.php?bo_table=notice2&wr_id=24,notice2,24,형사 성범죄 [벌금형] 강제추행 등 사건에 관한 성공사례,성공사례,,미정,/cases
/bbs/board.php?bo_table=notice2&wr_id=25,notice2,25,형사 경제범죄 [징역형] 보이스피싱 항소심(원심판결 파기)에 관한 성공사례,성공사례,,미정,/cases
/bbs/board.php?bo_table=notice2&wr_id=26,notice2,26,형사 경제범죄 [무혐의] 업무상배임 사건에 관한 성공사례,성공사례,,미정,/cases
/bbs/board.php?bo_table=notice2&wr_id=27,notice2,27,형사 경제범죄 [고소대리사건-벌금형] 명예훼손 등 사건에 관한 성공사례,성공사례,,미정,/cases
/bbs/board.php?bo_table=notice2&wr_id=28,notice2,28,형사 성범죄 [벌금형] 업무상위력 등에 의한 추행 사건에 관한 성공사례,성공사례,,미정,/cases
/bbs/board.php?bo_table=notice2&wr_id=29,notice2,29,형사 성범죄 [불처분] 특수강간 사건에 관한 성공사례,성공사례,,미정,/cases
/bbs/board.php?bo_table=notice2&wr_id=30,notice2,30,형사 음주운전 [벌금형]무면허운전 및 음주운전 사건에 관한 성공사례,성공사례,,미정,/cases
/bbs/board.php?bo_table=notice2&wr_id=31,notice2,31,형사 경제범죄 [무혐의] 업무상배임 사건에 관한 성공사례,성공사례,,미정,/cases
/bbs/board.php?bo_table=notice2&wr_id=32,notice2,32,형사 음주운전 [벌금형] 음주운전 사건에 관한 성공사례,성공사례,,미정,/cases
/bbs/board.php?bo_table=notice2&wr_id=33,notice2,33,형사 성범죄 [무혐의] 준강간 사건에 관한 성공사례,성공사례,,미정,/cases
/bbs/board.php?bo_table=notice2&wr_id=34,notice2,34,민사 [손해배상 사건]에 관한 성공사례,성공사례,,미정,/cases
/bbs/board.php?bo_table=notice2&wr_id=35,notice2,35,민사 [배당이의 사건]에 관한 성공사례,성공사례,,미정,/cases
/bbs/board.php?bo_table=notice2&wr_id=36,notice2,36,민사 [매매대금반환 등]사건 성공사례,성공사례,,미정,/cases
/bbs/board.php?bo_table=notice2&wr_id=37,notice2,37,가사 [사실혼관계의 파탄 및 종료로 인한 위자료]사건 성공사례,성공사례,,미정,/cases
/bbs/board.php?bo_table=notice2&wr_id=38,notice2,38,민사 [조선땅찾기소송]사건 성공사례,성공사례,,미정,/cases
/bbs/board.php?bo_table=notice2&wr_id=39,notice2,39,민사 [부당이득반환]사건 성공사례,성공사례,,미정,/cases
/bbs/board.php?bo_table=notice2&wr_id=40,notice2,40,민사 [건물하자 손해배상]사건 성공사례,성공사례,,미정,/cases
/bbs/board.php?bo_table=notice2&wr_id=41,notice2,41,민사 [대여금]사건 성공사례,성공사례,,미정,/cases
/bbs/board.php?bo_table=notice2&wr_id=42,notice2,42,민사 [영업금지가처분]사건 성공사례,성공사례,,미정,/cases
/bbs/board.php?bo_table=notice2&wr_id=43,notice2,43,민사 [매매대금반환]사건 성공사례,성공사례,,미정,/cases
/bbs/board.php?bo_table=notice2&wr_id=44,notice2,44,민사 [건물명도]사건 성공사례,성공사례,,미정,/cases
/bbs/board.php?bo_table=notice2&wr_id=45,notice2,45,가사 [성년후견 개시]사건 성공사례,성공사례,,미정,/cases
/bbs/board.php?bo_table=notice2&wr_id=46,notice2,46,형사 성범죄 [무혐의] 강제추행 사건에 관한 성공사례,성공사례,,미정,/cases
/bbs/board.php?bo_table=notice2&wr_id=47,notice2,47,형사 교특법위반 [집행유예] 치사 사건에 관한 성공사례,성공사례,,미정,/cases
/bbs/board.php?bo_table=notice2&wr_id=48,notice2,48,형사 경제범죄 [고소대리사건-실형]사기 사건에 관한 성공사례,성공사례,,미정,/cases
/bbs/board.php?bo_table=notice2&wr_id=49,notice2,49,형사 경제범죄 [무혐의]명예훼손 사건에 관한 성공사례,성공사례,,미정,/cases
/bbs/board.php?bo_table=notice2&wr_id=50,notice2,50,민사 [부당이득금]사건 성공사례,성공사례,,미정,/cases
/bbs/board.php?bo_table=notice2&wr_id=51,notice2,51,민사 [공사대금청구]사건 성공사례,성공사례,,미정,/cases
/bbs/board.php?bo_table=notice2&wr_id=52,notice2,52,민사 [소유권이전등기청구]사건 성공사례,성공사례,,미정,/cases
/bbs/board.php?bo_table=notice2&wr_id=53,notice2,53,형사 경제범죄 [무죄] 범죄단체가입방조 등 사건에 관한 성공사례,성공사례,,미정,/cases
/bbs/board.php?bo_table=notice2&wr_id=54,notice2,54,형사 음주운전 [벌금형]특정범죄가중처벌등에관한법률위반(위험운전치상) 사건에 관한 성공사례,성공사례,,미정,/cases
/bbs/board.php?bo_table=notice2&wr_id=55,notice2,55,형사 공무집행방해죄[벌금형] 공무집행방해 사건에 관한 성공사례,성공사례,,미정,/cases
/bbs/board.php?bo_table=notice2&wr_id=56,notice2,56,형사 음주운전 [벌금형]도로교통법위반(음주운전) 사건에 관한 성공사례,성공사례,,미정,/cases
/bbs/board.php?bo_table=notice2&wr_id=57,notice2,57,형사 특정범죄가중처벌등에관한법률위반(위험운전치상) 등 사건에 관한 항소심 성공사례,성공사례,,미정,/cases
/bbs/board.php?bo_table=notice2&wr_id=59,notice2,59,형사 음주운전 [벌금형]도로교통법위반(음주운전) 사건에 관한 성공사례,성공사례,,미정,/cases
/bbs/board.php?bo_table=notice2&wr_id=60,notice2,60,형사 음주운전 [벌금형]도로교통법위반(음주운전) 사건에 관한 성공사례,성공사례,,미정,/cases
/bbs/board.php?bo_table=notice2&wr_id=61,notice2,61,형사 특정범죄가중처벌등에관한법률위반(위험운전치사)등 사건에 관한 성공사례,성공사례,,미정,/cases
/bbs/board.php?bo_table=notice2&wr_id=62,notice2,62,형사 음주운전[무죄] 도로교통법위반(음주운전) 사건에 관한 성공사례,성공사례,,미정,/cases
/bbs/board.php?bo_table=notice2&wr_id=63,notice2,63,형사 경제범죄 [혐의없음] 사기 사건에 관한 성공사례,성공사례,,미정,/cases
/bbs/board.php?bo_table=notice2&wr_id=64,notice2,64,형사 성범죄 [집행유예] 성폭력범죄의처벌등에관한특례법위반 사건에 관한 성공사례,성공사례,,미정,/cases
/bbs/board.php?bo_table=notice2&wr_id=65,notice2,65,형사 경제범죄 [집행유예] 사기등 사건에 관한 성공사례,성공사례,,미정,/cases
/bbs/board.php?bo_table=notice2,notice2,,[게시판 목록] notice2,성공사례,,미정,/cases
/bbs/board.php?bo_table=sub2_3&wr_id=1,sub2_3,1,“개인에서 기업까지”…평택·안성 法분쟁 변호사 최철호,기타,,미정,/about
/bbs/board.php?bo_table=sub2_3&wr_id=2,sub2_3,2,최철호 변호사 “연말연시 ‘술자리 성범죄’ 피의자 대처법 있다”,기타,,미정,/about
/bbs/board.php?bo_table=sub2_3&wr_id=3,sub2_3,3,"평택형사전문변호사, “성범죄 사건 신속하고 치밀한 대응 필요”",기타,,미정,/about
/bbs/board.php?bo_table=sub2_3&wr_id=5,sub2_3,5,"평택변호사 법무법인 명, “부동산 분쟁 발생 전후 법률적 조력 활용 충…",기타,,미정,/about
/bbs/board.php?bo_table=sub2_3&wr_id=6,sub2_3,6,"“(사)한국전문기자협회, 법무법인 명 ‘형사-소년법’ 부문 소비자만족 …",기타,,미정,/about
/bbs/board.php?bo_table=sub2_3&wr_id=7,sub2_3,7,개인회생 변호사가 말하는 개인회생과 파산 (개인회생의 필요성),기타,,미정,/about
/bbs/board.php?bo_table=sub2_3&wr_id=8,sub2_3,8,"[수원변호사] 수원 성범죄 변호사, 강제추행 처벌에 관하여",기타,,미정,/about
/bbs/board.php?bo_table=sub2_3&wr_id=9,sub2_3,9,수원개인회생변호사 ‘개인회생’ 제대로 된 전문 조력을 받아야,기타,,미정,/about
/bbs/board.php?bo_table=sub2_3&wr_id=10,sub2_3,10,음주운전 처벌 강화에 과도한 처분 내려졌다면? 수원 형사변호사들이 말하…,기타,,미정,/about
/bbs/board.php?bo_table=sub2_3&wr_id=11,sub2_3,11,"수원부동산 변호사, 양날의 검 역전세난, 손실 방지하는 법적 대응 방법…",기타,,미정,/about
/bbs/board.php?bo_table=sub2_3&wr_id=12,sub2_3,12,"법무법인 명, 민사 분야 특화된 법률서비스 제공",기타,,미정,/about
/bbs/board.php?bo_table=sub2_3&wr_id=13,sub2_3,13,"교통사고 변호사, 음주운전 처벌에 관하여",기타,,미정,/about
/bbs/board.php?bo_table=sub2_3&wr_id=14,sub2_3,14,"수원변호사, ‘신용조사부터 재산명시, 강제집행’까지 신속한 채무 회수를…",기타,,미정,/about
/bbs/board.php?bo_table=sub2_3&wr_id=15,sub2_3,15,'소비자만족대상 법률서비스/민사부분' 2년 연속 대상 수상,기타,,미정,/about
/bbs/board.php?bo_table=sub2_3&wr_id=16,sub2_3,16,법무법인 명 부동산 분야 특화된 법률서비스 제공,기타,,미정,/about
/bbs/board.php?bo_table=sub2_3,sub2_3,,[게시판 목록] sub2_3,기타,,미정,/about
/bbs/board.php?bo_table=sub3_1&wr_id=1,sub3_1,1,폭력사건 문의드려요,기타,,미정,/consultation
/bbs/board.php?bo_table=sub3_1&wr_id=2,sub3_1,2,질문이 있어 문의합니다.,기타,,미정,/consultation
/bbs/board.php?bo_table=sub3_1&wr_id=3,sub3_1,3,폭행사건에대해 문의드려요,기타,,미정,/consultation
/bbs/board.php?bo_table=sub3_1&wr_id=4,sub3_1,4,소송비용과 기간이 어느정도 걸리는지...,기타,,미정,/consultation
/bbs/board.php?bo_table=sub3_1&wr_id=5,sub3_1,5,손해배상 관련해서 질문드립니다,기타,,미정,/consultation
/bbs/board.php?bo_table=sub3_1&wr_id=6,sub3_1,6,경매신청하려는데 문제가생겼습니다.,기타,,미정,/consultation
/bbs/board.php?bo_table=sub3_1&wr_id=7,sub3_1,7,가압류신청 도움요청합니다,기타,,미정,/consultation
/bbs/board.php?bo_table=sub3_1&wr_id=8,sub3_1,8,한정승인건으로 문의드립니다.,기타,,미정,/consultation
/bbs/board.php?bo_table=sub3_1&wr_id=9,sub3_1,9,가압류상담,기타,,미정,/consultation
/bbs/board.php?bo_table=sub3_1&wr_id=10,sub3_1,10,명예훼손과 손해배상,기타,,미정,/consultation
/bbs/board.php?bo_table=sub3_1&wr_id=11,sub3_1,11,이혼소송중 증거수집문제,기타,,미정,/consultation
/bbs/board.php?bo_table=sub3_1&wr_id=12,sub3_1,12,개인회생중 압류비용,기타,,미정,/consultation
/bbs/board.php?bo_table=sub3_1&wr_id=13,sub3_1,13,이혼과 재산분할 문제 상담입니다,기타,,미정,/consultation
/bbs/board.php?bo_table=sub3_1&wr_id=14,sub3_1,14,임대차계약취소,기타,,미정,/consultation
/bbs/board.php?bo_table=sub3_1&wr_id=15,sub3_1,15,친부확인,기타,,미정,/consultation
/bbs/board.php?bo_table=sub3_1&wr_id=16,sub3_1,16,사기사건 상담,기타,,미정,/consultation
/bbs/board.php?bo_table=sub3_1&wr_id=17,sub3_1,17,외도남 폭행사건,기타,,미정,/consultation
/bbs/board.php?bo_table=sub3_1&wr_id=18,sub3_1,18,성격차이 이혼상담,기타,,미정,/consultation
/bbs/board.php?bo_table=sub3_1&wr_id=19,sub3_1,19,소송기간과 비용상담입니다,기타,,미정,/consultation
/bbs/board.php?bo_table=sub3_1&wr_id=20,sub3_1,20,1억원 정도 채권자가 형사고소한 경우,기타,,미정,/consultation
/bbs/board.php?bo_table=sub3_1&wr_id=21,sub3_1,21,가압류와 재산확인문제,기타,,미정,/consultation
/bbs/board.php?bo_table=sub3_1&wr_id=22,sub3_1,22,임대차 관련 문의,기타,,미정,/consultation
/bbs/board.php?bo_table=sub3_1&wr_id=23,sub3_1,23,형사고소 관련 질문 드립니다.,기타,,미정,/consultation
/bbs/board.php?bo_table=sub3_1&wr_id=24,sub3_1,24,상속재산 받을수 있을까요?,기타,,미정,/consultation
/bbs/board.php?bo_table=sub3_1&wr_id=25,sub3_1,25,사기.. 고소?,기타,,미정,/consultation
/bbs/board.php?bo_table=sub3_1&wr_id=26,sub3_1,26,부동산이전문의,기타,,미정,/consultation
/bbs/board.php?bo_table=sub3_1&wr_id=27,sub3_1,27,이혼,기타,,미정,/consultation
/bbs/board.php?bo_table=sub3_1&wr_id=28,sub3_1,28,금전 채무관련,기타,,미정,/consultation
/bbs/board.php?bo_table=sub3_1&wr_id=29,sub3_1,29,양육권문제,기타,,미정,/consultation
/bbs/board.php?bo_table=sub3_1&wr_id=30,sub3_1,30,임대료 및 보증금 청구방법,기타,,미정,/consultation
/bbs/board.php?bo_table=sub3_1&wr_id=31,sub3_1,31,오늘상담 취소요,기타,,미정,/consultation
/bbs/board.php?bo_table=sub3_1&wr_id=32,sub3_1,32,집행기간 무면허,기타,,미정,/consultation
/bbs/board.php?bo_table=sub3_1&wr_id=33,sub3_1,33,안녕하세요,기타,,미정,/consultation
/bbs/board.php?bo_table=sub3_1&wr_id=34,sub3_1,34,문의,기타,,미정,/consultation
/bbs/board.php?bo_table=sub3_1&wr_id=35,sub3_1,35,상담 드립니다.,기타,,미정,/consultation
/bbs/board.php?bo_table=sub3_1&wr_id=36,sub3_1,36,건설 지체상금 및 초과투입금액 반환,기타,,미정,/consultation
/bbs/board.php?bo_table=sub3_1&wr_id=37,sub3_1,37,상담요청드립니다.,기타,,미정,/consultation
/bbs/board.php?bo_table=sub3_1&wr_id=40,sub3_1,40,이혼상담드립니다.,기타,,미정,/consultation
/bbs/board.php?bo_table=sub3_1&wr_id=41,sub3_1,41,개인채무,기타,,미정,/consultation
/bbs/board.php?bo_table=sub3_1&wr_id=42,sub3_1,42,개인회생에 대해여,기타,,미정,/consultation
/bbs/board.php?bo_table=sub3_1&wr_id=43,sub3_1,43,개인 회생 관련,기타,,미정,/consultation
/bbs/board.php?bo_table=sub3_1&wr_id=44,sub3_1,44,상담 요청 합니다.,기타,,미정,/consultation
/bbs/board.php?bo_table=sub3_1&wr_id=45,sub3_1,45,집,기타,,미정,/consultation
/bbs/board.php?bo_table=sub3_1&wr_id=46,sub3_1,46,전세 계약 만료 전 이사,기타,,미정,/consultation
/bbs/board.php?bo_table=sub3_1&wr_id=47,sub3_1,47,개인채무,기타,,미정,/consultation
/bbs/board.php?bo_table=sub3_1&wr_id=48,sub3_1,48,상가 명도소송 문의.,기타,,미정,/consultation
/bbs/board.php?bo_table=sub3_1&wr_id=49,sub3_1,49,주식회사 주주총회 안건 결의 하자,기타,,미정,/consultation
/bbs/board.php?bo_table=sub3_1&wr_id=52,sub3_1,52,퇴거한 임차인 문제,기타,,미정,/consultation
/bbs/board.php?bo_table=sub3_1&wr_id=53,sub3_1,53,부동산과의 소송 진행건.,기타,,미정,/consultation
/bbs/board.php?bo_table=sub3_1&wr_id=54,sub3_1,54,대신 대출하여 민사소송 하려고합니다..,기타,,미정,/consultation
/bbs/board.php?bo_table=sub3_1&wr_id=55,sub3_1,55,눈길 직진차랑과 좌회전 차랑,기타,,미정,/consultation
/bbs/board.php?bo_table=sub3_1&wr_id=56,sub3_1,56,가게(창업) 분쟁,기타,,미정,/consultation
/bbs/board.php?bo_table=sub3_1&wr_id=57,sub3_1,57,도급계약 계약해제에 따른 손해배상 및 소송관련 문의,기타,,미정,/consultation
/bbs/board.php?bo_table=sub3_1&wr_id=58,sub3_1,58,일방적 욕설로 인한 민사진행,기타,,미정,/consultation
/bbs/board.php?bo_table=sub3_1&wr_id=59,sub3_1,59,주민등록 열람제한,기타,,미정,/consultation
/bbs/board.php?bo_table=sub3_1&wr_id=60,sub3_1,60,계약이행,기타,,미정,/consultation
/bbs/board.php?bo_table=sub3_1&wr_id=61,sub3_1,61,상담요청합니다,기타,,미정,/consultation
/bbs/board.php?bo_table=sub3_1&wr_id=62,sub3_1,62,부동산 매매관련,기타,,미정,/consultation
/bbs/board.php?bo_table=sub3_1&wr_id=63,sub3_1,63,상담,기타,,미정,/consultation
/bbs/board.php?bo_table=sub3_1&wr_id=64,sub3_1,64,교통사고 보상에 대한 문의드립니다 ^^,기타,,미정,/consultation
/bbs/board.php?bo_table=sub3_1&wr_id=65,sub3_1,65,상담,기타,,미정,/consultation
/bbs/board.php?bo_table=sub3_1&wr_id=66,sub3_1,66,합의이혼,기타,,미정,/consultation
/bbs/board.php?bo_table=sub3_1&wr_id=67,sub3_1,67,부동산 등기이전 지연문제로 인한 소송문의,기타,,미정,/consultation
/bbs/board.php?bo_table=sub3_1&wr_id=68,sub3_1,68,협의분할상속,기타,,미정,/consultation
/bbs/board.php?bo_table=sub3_1&wr_id=69,sub3_1,69,협의분할상속,기타,,미정,/consultation
/bbs/board.php?bo_table=sub3_1&wr_id=71,sub3_1,71,민사소송답변서,기타,,미정,/consultation
/bbs/board.php?bo_table=sub3_1&wr_id=73,sub3_1,73,협박처벌,기타,,미정,/consultation
/bbs/board.php?bo_table=sub3_1&wr_id=74,sub3_1,74,민사 사기 소송,기타,,미정,/consultation
/bbs/board.php?bo_table=sub3_1&wr_id=75,sub3_1,75,갑질 및 신체적 폭행 고소,기타,,미정,/consultation
/bbs/board.php?bo_table=sub3_1&wr_id=76,sub3_1,76,문의드립니다..,기타,,미정,/consultation
/bbs/board.php?bo_table=sub3_1&wr_id=77,sub3_1,77,자동차 강제이전소송,기타,,미정,/consultation
/bbs/board.php?bo_table=sub3_1&wr_id=78,sub3_1,78,계약해지 위약금,기타,,미정,/consultation
/bbs/board.php?bo_table=sub3_1&wr_id=79,sub3_1,79,임대차반환금관련,기타,,미정,/consultation
/bbs/board.php?bo_table=sub3_1&wr_id=80,sub3_1,80,헛소문 퍼뜨리고 이간질 하는 직장동료 명예훼손 고소,기타,,미정,/consultation
/bbs/board.php?bo_table=sub3_1&wr_id=82,sub3_1,82,명도관련 문의,기타,,미정,/consultation
/bbs/board.php?bo_table=sub3_1&wr_id=83,sub3_1,83,안녕하세요 가족간금전문제 상담신청합니다.,기타,,미정,/consultation
/bbs/board.php?bo_table=sub3_1&wr_id=84,sub3_1,84,소송비용,기타,,미정,/consultation
/bbs/board.php?bo_table=sub3_1&wr_id=85,sub3_1,85,명의도용관련 문의,기타,,미정,/consultation
/bbs/board.php?bo_table=sub3_1&wr_id=86,sub3_1,86,이혼하고 싶은데,기타,,미정,/consultation
/bbs/board.php?bo_table=sub3_1&wr_id=87,sub3_1,87,형사상담 문의드립니다.,기타,,미정,/consultation
/bbs/board.php?bo_table=sub3_1&wr_id=88,sub3_1,88,소액 민사건(교통사고 구상금)문의 -구상금액 적정성에대한 소송을 진행하…,기타,,미정,/consultation
/bbs/board.php?bo_table=sub3_1&wr_id=89,sub3_1,89,문의드립니다,기타,,미정,/consultation
/bbs/board.php?bo_table=sub3_1&wr_id=90,sub3_1,90,상담문의,기타,,미정,/consultation
/bbs/board.php?bo_table=sub3_1&wr_id=91,sub3_1,91,일전에 개인회생으로 상담 전화 했었습니다,기타,,미정,/consultation
/bbs/board.php?bo_table=sub3_1&wr_id=92,sub3_1,92,부동산소유권이정등기 및 부당이득반환 소송 관련 질문.,기타,,미정,/consultation
/bbs/board.php?bo_table=sub3_1&wr_id=93,sub3_1,93,소송 관련해서 문의 할게 있습니다.,기타,,미정,/consultation
/bbs/board.php?bo_table=sub3_1&wr_id=94,sub3_1,94,경매 관련 문의드립니다.,기타,,미정,/consultation
/bbs/board.php?bo_table=sub3_1&wr_id=98,sub3_1,98,형사상담요청드립니다.,기타,,미정,/consultation
/bbs/board.php?bo_table=sub3_1&wr_id=100,sub3_1,100,부동산거래시 허위사실,기타,,미정,/consultation
/bbs/board.php?bo_table=sub3_1&wr_id=101,sub3_1,101,임금체불 관련 민사 소송 건 문의드립니다.,기타,,미정,/consultation
/bbs/board.php?bo_table=sub3_1&wr_id=102,sub3_1,102,소액채권,기타,,미정,/consultation
/bbs/board.php?bo_table=sub3_1&wr_id=104,sub3_1,104,방문상담 문의,기타,,미정,/consultation
/bbs/board.php?bo_table=sub3_1&wr_id=105,sub3_1,105,부동산 경매 및 추가 민사 소 문의,기타,,미정,/consultation
/bbs/board.php?bo_table=sub3_1&wr_id=106,sub3_1,106,방문상담문의,기타,,미정,/consultation
/bbs/board.php?bo_table=sub3_1&wr_id=107,sub3_1,107,부당이득 반환청구 소송건,기타,,미정,/consultation
/bbs/board.php?bo_table=sub3_1&wr_id=108,sub3_1,108,상가빌라 세입자관련 문의드립니다.,기타,,미정,/consultation
/bbs/board.php?bo_table=sub3_1&wr_id=109,sub3_1,109,준공 전 압류 관련 문의드립니다.,기타,,미정,/consultation
/bbs/board.php?bo_table=sub3_1&wr_id=110,sub3_1,110,형사재판 상담요,기타,,미정,/consultation
/bbs/board.php?bo_table=sub3_1&wr_id=111,sub3_1,111,문의,기타,,미정,/consultation
/bbs/board.php?bo_table=sub3_1&wr_id=113,sub3_1,113,도생 평택역 퍼스트씨티 취소건 문의요,기타,,미정,/consultation
/bbs/board.php?bo_table=sub3_1&wr_id=114,sub3_1,114,"금전거래로인해 민사,형사 둘다진행하고싶습니다",기타,,미정,/consultation
/bbs/board.php?bo_table=sub3_1&wr_id=115,sub3_1,115,이혼 관련 문의 드립니다.,기타,,미정,/consultation
/bbs/board.php?bo_table=sub3_1&wr_id=117,sub3_1,117,개인회생상담,기타,,미정,/consultation
/bbs/board.php?bo_table=sub3_1&wr_id=118,sub3_1,118,개인간 금전거래,기타,,미정,/consultation
/bbs/board.php?bo_table=sub3_1&wr_id=119,sub3_1,119,아파트 전세 계약 위약금문의,기타,,미정,/consultation
/bbs/board.php?bo_table=sub3_1&wr_id=120,sub3_1,120,중고차 매매상사에서 구입한 중고자동차의 강제이전 문의,기타,,미정,/consultation
/bbs/board.php?bo_table=sub3_1&wr_id=121,sub3_1,121,부동산양도 문제 상담부탁드립니다.,기타,,미정,/consultation
/bbs/board.php?bo_table=sub3_1&wr_id=123,sub3_1,123,가족간의 차명계좌 불법인가요?,기타,,미정,/consultation
/bbs/board.php?bo_table=sub3_1&wr_id=124,sub3_1,124,사이버 보이스피싱 사건,기타,,미정,/consultation
/bbs/board.php?bo_table=sub3_1&wr_id=125,sub3_1,125,공동상해 민사,기타,,미정,/consultation
/bbs/board.php?bo_table=sub3_1&wr_id=126,sub3_1,126,가등기 말소 관련 문의,기타,,미정,/consultation
/bbs/board.php?bo_table=sub3_1&wr_id=127,sub3_1,127,이혼후 재혼...친자,기타,,미정,/consultation
/bbs/board.php?bo_table=sub3_1&wr_id=128,sub3_1,128,개인회생 상담,기타,,미정,/consultation
/bbs/board.php?bo_table=sub3_1&wr_id=129,sub3_1,129,대여금 종결처리내용 결재,기타,,미정,/consultation
/bbs/board.php?bo_table=sub3_1&wr_id=130,sub3_1,130,절도로 기소 되었습니다.,기타,,미정,/consultation
/bbs/board.php?bo_table=sub3_1&wr_id=131,sub3_1,131,협박.명예회손으로 3번 고소되었읍니다.,기타,,미정,/consultation
/bbs/board.php?bo_table=sub3_1&wr_id=132,sub3_1,132,국세체납 대해 문의,기타,,미정,/consultation
/bbs/board.php?bo_table=sub3_1&wr_id=133,sub3_1,133,빌려준 돈을 받고 싶습니다,기타,,미정,/consultation
/bbs/board.php?bo_table=sub3_1&wr_id=134,sub3_1,134,개인파산신청,기타,,미정,/consultation
/bbs/board.php?bo_table=sub3_1&wr_id=135,sub3_1,135,형제가 부동산 관련 법적 대응에 변호사와 법무사 둘중 어느쪽이 좋을지 …,기타,,미정,/consultation
/bbs/board.php?bo_table=sub3_1&wr_id=136,sub3_1,136,1심에서 차용금금액만 인정하고...,기타,,미정,/consultation
/bbs/board.php?bo_table=sub3_1&wr_id=137,sub3_1,137,개인회생신청,기타,,미정,/consultation
/bbs/board.php?bo_table=sub3_1&wr_id=138,sub3_1,138,전세 보증금 반환 관련 문의드립니다,기타,,미정,/consultation
/bbs/board.php?bo_table=sub3_1&wr_id=139,sub3_1,139,전세금 반환 관련 문의드립니다.,기타,,미정,/consultation
/bbs/board.php?bo_table=sub3_1&wr_id=140,sub3_1,140,안녕하세요 ...손도섭문제야..,기타,,미정,/consultation
/bbs/board.php?bo_table=sub3_1&wr_id=141,sub3_1,141,회생문의합니다,기타,,미정,/consultation
/bbs/board.php?bo_table=sub3_1&wr_id=142,sub3_1,142,월세 보증금 반환문제 문의합니다.,기타,,미정,/consultation
/bbs/board.php?bo_table=sub3_1&wr_id=143,sub3_1,143,전세집이 경매로 넘어가서 문의드립니다.,기타,,미정,/consultation
/bbs/board.php?bo_table=sub3_1&wr_id=144,sub3_1,144,개인회생관련 문의,기타,,미정,/consultation
/bbs/board.php?bo_table=sub3_1&wr_id=145,sub3_1,145,어머니가 폭행당했습니다,기타,,미정,/consultation
/bbs/board.php?bo_table=sub3_1&wr_id=146,sub3_1,146,부동산 점유 관련,기타,,미정,/consultation
/bbs/board.php?bo_table=sub3_1&wr_id=147,sub3_1,147,상가경매,기타,,미정,/consultation
/bbs/board.php?bo_table=sub3_1&wr_id=148,sub3_1,148,손해배상청구 믄의,기타,,미정,/consultation
/bbs/board.php?bo_table=sub3_1&wr_id=149,sub3_1,149,개인회생상담,기타,,미정,/consultation
/bbs/board.php?bo_table=sub3_1&wr_id=151,sub3_1,151,개인파산문의들여요,기타,,미정,/consultation
/bbs/board.php?bo_table=sub3_1&wr_id=152,sub3_1,152,위자료 정신적 손해배상 요구,기타,,미정,/consultation
/bbs/board.php?bo_table=sub3_1&wr_id=153,sub3_1,153,전세금 돌려받기,기타,,미정,/consultation
/bbs/board.php?bo_table=sub3_1&wr_id=154,sub3_1,154,임대보증서 법적효력 문의.,기타,,미정,/consultation
/bbs/board.php?bo_table=sub3_1&wr_id=155,sub3_1,155,오피스텔 지하주차장 천장마감재붕괴로 인한 차량피해 관련 문의 드립니다,기타,,미정,/consultation
/bbs/board.php?bo_table=sub3_1&wr_id=156,sub3_1,156,전세금 돌려받기,기타,,미정,/consultation
/bbs/board.php?bo_table=sub3_1&wr_id=157,sub3_1,157,사기 고소장 가능 여부 확인 건.,기타,,미정,/consultation
/bbs/board.php?bo_table=sub3_1&wr_id=158,sub3_1,158,채권수임 통지,기타,,미정,/consultation
/bbs/board.php?bo_table=sub3_1&wr_id=159,sub3_1,159,190805 이메일로 문의드려도 되는지 문의드립니다.,기타,,미정,/consultation
/bbs/board.php?bo_table=sub3_1&wr_id=160,sub3_1,160,이혼하려고합니다,기타,,미정,/consultation
/bbs/board.php?bo_table=sub3_1&wr_id=161,sub3_1,161,사기사건,기타,,미정,/consultation
/bbs/board.php?bo_table=sub3_1&wr_id=162,sub3_1,162,동업관계 일방적인 파기,기타,,미정,/consultation
/bbs/board.php?bo_table=sub3_1&wr_id=163,sub3_1,163,상가임대보증금,기타,,미정,/consultation
/bbs/board.php?bo_table=sub3_1&wr_id=164,sub3_1,164,기업 자문변호사님을 찾습니다.,기타,,미정,/consultation
/bbs/board.php?bo_table=sub3_1&wr_id=165,sub3_1,165,명의대여,기타,,미정,/consultation
/bbs/board.php?bo_table=sub3_1&wr_id=166,sub3_1,166,전세보증금반환소송 비용문의,기타,,미정,/consultation
/bbs/board.php?bo_table=sub3_1&wr_id=167,sub3_1,167,투자금반환,기타,,미정,/consultation
/bbs/board.php?bo_table=sub3_1&wr_id=168,sub3_1,168,빌라 매도후 하자 문의 드립니다.,기타,,미정,/consultation
/bbs/board.php?bo_table=sub3_1&wr_id=169,sub3_1,169,부동산 관련 문의 합니다 (지역은 평택 입니다),기타,,미정,/consultation
/bbs/board.php?bo_table=sub3_1&wr_id=170,sub3_1,170,오산오피스텔 과대홍보 임대피해,기타,,미정,/consultation
/bbs/board.php?bo_table=sub3_1&wr_id=171,sub3_1,171,대여금반환청구 및 사기죄,기타,,미정,/consultation
/bbs/board.php?bo_table=sub3_1&wr_id=172,sub3_1,172,손해배상금 민사소송,기타,,미정,/consultation
/bbs/board.php?bo_table=sub3_1&wr_id=173,sub3_1,173,형사사건문의,기타,,미정,/consultation
/bbs/board.php?bo_table=sub3_1&wr_id=174,sub3_1,174,보복운전 관련 문의의 건.,기타,,미정,/consultation
/bbs/board.php?bo_table=sub3_1&wr_id=175,sub3_1,175,6개월 넘게 월세보증금을 못 받고 있습니다,기타,,미정,/consultation
/bbs/board.php?bo_table=sub3_1&wr_id=176,sub3_1,176,명도소송 문의 드립니다.,기타,,미정,/consultation
/bbs/board.php?bo_table=sub3_1&wr_id=177,sub3_1,177,부당이득금반환 청구소송 문의드립니다.,기타,,미정,/consultation
/bbs/board.php?bo_table=sub3_1&wr_id=178,sub3_1,178,항고기각된 사건 재정신청에 대해서,기타,,미정,/consultation
/bbs/board.php?bo_table=sub3_1&wr_id=179,sub3_1,179,이혼신고를 안 한 경우입니다.,기타,,미정,/consultation
/bbs/board.php?bo_table=sub3_1&wr_id=180,sub3_1,180,강아지간 물림 손해배상청구,기타,,미정,/consultation
/bbs/board.php?bo_table=sub3_1&wr_id=181,sub3_1,181,공사대금,기타,,미정,/consultation
/bbs/board.php?bo_table=sub3_1&wr_id=182,sub3_1,182,집행 결정 관련 문의 드립니다.,기타,,미정,/consultation
/bbs/board.php?bo_table=sub3_1&wr_id=183,sub3_1,183,아파트 매매 중도중 지급후 매수인이 계약파기 할 경우 어덯게 해야 하나…,기타,,미정,/consultation
/bbs/board.php?bo_table=sub3_1&wr_id=184,sub3_1,184,전세금 반환 내용증명서 작성,기타,,미정,/consultation
/bbs/board.php?bo_table=sub3_1&wr_id=185,sub3_1,185,이혼,기타,,미정,/consultation
/bbs/board.php?bo_table=sub3_1&wr_id=186,sub3_1,186,부동산 매매 계약금 나눠서 입금 질문요.,기타,,미정,/consultation
/bbs/board.php?bo_table=sub3_1&wr_id=187,sub3_1,187,부모님 이혼,기타,,미정,/consultation
/bbs/board.php?bo_table=sub3_1&wr_id=188,sub3_1,188,공사금액,기타,,미정,/consultation
/bbs/board.php?bo_table=sub3_1&wr_id=189,sub3_1,189,추심금 소송건,기타,,미정,/consultation
/bbs/board.php?bo_table=sub3_1&wr_id=190,sub3_1,190,주택 공사후 입주관련,기타,,미정,/consultation
/bbs/board.php?bo_table=sub3_1&wr_id=191,sub3_1,191,타운하우스 하자보수 분쟁,기타,,미정,/consultation
/bbs/board.php?bo_table=sub3_1&wr_id=192,sub3_1,192,폐기물처리비용 민사소송 할 순 없을까요?,기타,,미정,/consultation
/bbs/board.php?bo_table=sub3_1&wr_id=193,sub3_1,193,아버지를 도와주세요,기타,,미정,/consultation
/bbs/board.php?bo_table=sub3_1&wr_id=194,sub3_1,194,학원법령,기타,,미정,/consultation
/bbs/board.php?bo_table=sub3_1&wr_id=195,sub3_1,195,자동차 자기부담금,기타,,미정,/consultation
/bbs/board.php?bo_table=sub3_1&wr_id=196,sub3_1,196,업무방해죄 ...고소건입니다.,기타,,미정,/consultation
/bbs/board.php?bo_table=sub3_1&wr_id=197,sub3_1,197,빌려준돈 받을수있나요?,기타,,미정,/consultation
/bbs/board.php?bo_table=sub3_1&wr_id=199,sub3_1,199,지식재산권 소유권 관련 법률 자문,기타,,미정,/consultation
/bbs/board.php?bo_table=sub3_1&wr_id=200,sub3_1,200,"명예훼손 민사, 형사 소송 가능 여부 문의드립니다.",기타,,미정,/consultation
/bbs/board.php?bo_table=sub3_1&wr_id=201,sub3_1,201,시골에 내 땅에 건물 짓고 사는 사람들 관련해서 문의드려요.,기타,,미정,/consultation
/bbs/board.php?bo_table=sub3_1&wr_id=202,sub3_1,202,대여금관련 소송,기타,,미정,/consultation
/bbs/board.php?bo_table=sub3_1&wr_id=203,sub3_1,203,부끄럽지만 성매매했습니다,기타,,미정,/consultation
/bbs/board.php?bo_table=sub3_1&wr_id=204,sub3_1,204,전세금 반환 및 피해보상청구에 관하여 문의드립니다.,기타,,미정,/consultation
/bbs/board.php?bo_table=sub3_1&wr_id=205,sub3_1,205,고소장,기타,,미정,/consultation
/bbs/board.php?bo_table=sub3_1&wr_id=206,sub3_1,206,변제권 순위관련,기타,,미정,/consultation
/bbs/board.php?bo_table=sub3_1&wr_id=207,sub3_1,207,이미테이션 판매 재범 판례 도와주세요 ㅠ.ㅠ 너무 정말 무섭습니다,기타,,미정,/consultation
/bbs/board.php?bo_table=sub3_1&wr_id=208,sub3_1,208,한정승인,기타,,미정,/consultation
/bbs/board.php?bo_table=sub3_1&wr_id=217,sub3_1,217,사기죄,기타,,미정,/consultation
/bbs/board.php?bo_table=sub3_1&wr_id=218,sub3_1,218,상사에게 갈취,기타,,미정,/consultation
/bbs/board.php?bo_table=sub3_1&wr_id=219,sub3_1,219,명예훼손 및 업무방해,기타,,미정,/consultation
/bbs/board.php?bo_table=sub3_1&wr_id=221,sub3_1,221,피해자 상해,기타,,미정,/consultation
/bbs/board.php?bo_table=sub3_1&wr_id=224,sub3_1,224,직원횡령건,기타,,미정,/consultation
/bbs/board.php?bo_table=sub3_1&wr_id=225,sub3_1,225,회사돈을 썻는데요..,기타,,미정,/consultation
/bbs/board.php?bo_table=sub3_1&wr_id=227,sub3_1,227,사기횡령죄...,기타,,미정,/consultation
/bbs/board.php?bo_table=sub3_1&wr_id=228,sub3_1,228,손해배상 민사소송,기타,,미정,/consultation
/bbs/board.php?bo_table=sub3_1&wr_id=229,sub3_1,229,공장 건물 하자보수 소송 관련,기타,,미정,/consultation
/bbs/board.php?bo_table=sub3_1&wr_id=231,sub3_1,231,명도소송문의,기타,,미정,/consultation
/bbs/board.php?bo_table=sub3_1&wr_id=232,sub3_1,232,다세대 주택 경매 件,기타,,미정,/consultation
/bbs/board.php?bo_table=sub3_1&wr_id=233,sub3_1,233,인터넷 방송에서 고소를 당했습니다..,기타,,미정,/consultation
/bbs/board.php?bo_table=sub3_1&wr_id=234,sub3_1,234,원상회복 기간,기타,,미정,/consultation
/bbs/board.php?bo_table=sub3_1&wr_id=235,sub3_1,235,부동산 임대차 계약 문의,기타,,미정,/consultation
/bbs/board.php?bo_table=sub3_1&wr_id=236,sub3_1,236,"스토킹, 명예훼손, 모욕, 협박 및 사기죄 고소",기타,,미정,/consultation
/bbs/board.php?bo_table=sub3_1&wr_id=237,sub3_1,237,학폭위 민사소송,기타,,미정,/consultation
/bbs/board.php?bo_table=sub3_1&wr_id=238,sub3_1,238,동업정산 관련 소송진행문의,기타,,미정,/consultation
/bbs/board.php?bo_table=sub3_1&wr_id=240,sub3_1,240,공금횡령(배임)죄에 해당 되나요?,기타,,미정,/consultation
/bbs/board.php?bo_table=sub3_1&wr_id=241,sub3_1,241,전세금 돌려받기,기타,,미정,/consultation
/bbs/board.php?bo_table=sub3_1&wr_id=242,sub3_1,242,차량공동명의 관련 문제입니다. 도움이 필요합니다.,기타,,미정,/consultation
/bbs/board.php?bo_table=sub3_1&wr_id=243,sub3_1,243,담보가등기 관련 질문 드립니다.,기타,,미정,/consultation
/bbs/board.php?bo_table=sub3_1&wr_id=245,sub3_1,245,데이트폭력 민사소송 상담드려요,기타,,미정,/consultation
/bbs/board.php?bo_table=sub3_1&wr_id=246,sub3_1,246,부부특별분양 신혼희망타운 재산분할 상담신청 합니다,기타,,미정,/consultation
/bbs/board.php?bo_table=sub3_1&wr_id=247,sub3_1,247,사실혼 관계와 재샨분활/배우자가 몰래 재산을 가로채거나 은닉하지 않도록…,기타,,미정,/consultation
/bbs/board.php?bo_table=sub3_1&wr_id=24978,sub3_1,24978,칵스타효능☎ 75.cia312.net √레비트라구입사이트 ㉢,기타,,미정,/consultation
/bbs/board.php?bo_table=sub3_1&wr_id=24979,sub3_1,24979,여성 비아그라 구매㎢ 63.cia952.com ㎥인터넷 비아그라 구매 …,기타,,미정,/consultation
/bbs/board.php?bo_table=sub3_1&wr_id=24980,sub3_1,24980,카마그라 비아그라╀ 24.cia948.com ╀프릴리지구매 인터넷 레비…,기타,,미정,/consultation
/bbs/board.php?bo_table=sub3_1&wr_id=24981,sub3_1,24981,바다이야기고래출현≠ 49.rmk332.top ㎙무료릴게임 ㈇,기타,,미정,/consultation
/bbs/board.php?bo_table=sub3_1,sub3_1,,[게시판 목록] sub3_1,기타,,미정,/consultation
/bbs/board.php?bo_table=partner,partner,,[게시판 목록] partner,기타,,미정,/about
/,,,[정적] 법무법인 명 종합법률상담,기타,,미정,/
/sub1_1.php,,,[정적] 법무법인 명 종합법률상담,기타,,미정,/practice/criminal-defense
/sub1_2.php,,,[정적] 법무법인 명 종합법률상담,기타,,미정,/practice/civil-litigation
/sub1_3.php,,,[정적] 법무법인 명 종합법률상담,기타,,미정,/practice
/sub1_4.php,,,[정적] 법무법인 명 종합법률상담,기타,,미정,/practice/divorce-inheritance
/sub1_5.php,,,[정적] 법무법인 명 종합법률상담,기타,,미정,/practice
/sub2_1.php,,,[정적] Sol &amp; Luna,기타,,미정,/about
/sub2_2.php,,,[정적] 법무법인 명 종합법률상담,기타,,미정,/attorneys/choi-cheolho
/sub_map.php,,,[정적] 법무법인 명 종합법률상담,기타,,미정,/locations/pyeongtaek
